{
  "vars": {
    "follow_leader": {
      "distance": null,
      "suppress_on_leader_engaged": null
    }
  },
  "actions": [
    {
      "when": [
        "me.can_follow",
        "vars.follow_leader.target or (not me.is_party_leader and party_leader)",
        "not suppress_on_leader_engaged or not party_leader or not party_leader.is_engaged",
        "pinfo[vars.follow_leader.target or party_leader.name]"
      ],
      "commands": [
        "following(pinfo[vars.follow_leader.target or party_leader.name]) or follow(pinfo[vars.follow_leader.target or party_leader.name], vars.follow_leader.distance)"
      ],
      "frequency": 1,
      "comment": "A distance value of null will result in the configured follow command distance (set or viewed with: //gbt config -fd)."
    }
  ]
}
