{
  "about": {
    "author": "@Kaiconure",
    "notes": [
      "The new frontline-engagement gambit handles an alignment angle, which supercedes this file.",
      "The file is maintained for backwards compatibility and easy of use; it simply imports the",
      "frontline-engagement file and sets an alignment angle of 180 degrees."
    ]
  },
  "vars": {
    "frontline_engagement": {
      "angle": 180
    }
  },
  "actions": [
    {
      "import": "frontline-engagement"
    }
  ]
}
