{
  "about": {
    "author": "@Kaiconure"
  },
  "vars": {
    "frontline_engagement": {
      "prioritize_melee_engagement": true,
      "angle": null,
      "distance": 2
    }
  },
  "actions": [
    {
      "when": "bt and not facingEnemy()",
      "commands": "faceEnemy()",
      "delay": 0,
      "frequency": "infinity",
      "scope": "battle",
      "comment": "Ensure we face the enemy immediately."
    },
    {
      "when": [
        "actionType == 'battle'",
        "bt and bt.distance <= vars.frontline_engagement.distance + 2",
        "canAlign(bt) and not aligned(bt, vars.frontline_engagement.angle, vars.frontline_engagement.distance)"
      ],
      "commands": [
        "align(bt, vars.frontline_engagement.angle, vars.frontline_engagement.distance) or postpone(10)"
      ],
      "frequency": 1,
      "scope": "battle",
      "delay": 2
    },
    {
      "when": "bt and bt.distance <= vars.frontline_engagement.distance and following(bt)",
      "commands": ["cancelFollow()", "faceEnemy()", "wait(0.5)"],
      "frequency": 1,
      "comment": "Stop following and face the enemy if we're close to the mob."
    },
    {
      "when": "bt and bt.distance <= vars.frontline_engagement.distance and not facingEnemy()",
      "commands": ["faceEnemy()", "wait(0.5)"],
      "frequency": 1,
      "comment": "Keep facing the enemy as we fight."
    },
    {
      "when": "bt and bt.distance > vars.frontline_engagement.distance and not following(bt)",
      "commands": [
        "faceEnemy()",
        "follow(bt, vars.frontline_engagement.distance)",
        "wait(0.5)"
      ],
      "frequency": 1,
      "comment": "Maintain a minimum distance from the enemy."
    },
    {
      "when": [
        "vars.frontline_engagement.prioritize_melee_engagement",
        "bt and bt.distance > (vars.frontline_engagement.distance + 2)",
        "not hasEffect('Bind')"
      ],
      "commands": [
        "not following(bt) and follow(bt, vars.frontline_engagement.distance) and log('Unexpected: Initiated melee range following')",
        "wait(1)"
      ],
      "comment": "Ensure that we get into melee range without executing later actions."
    }
  ]
}
