{
  "about": {
    "author": "@Kaiconure",
    "description": "Uses the best available XP (level under 99) or CP (level at 99) ring. Will not overwrite existing commitment or dedication."
  },
  "actions": [
    {
      "when": [
        "me.level == 99",
        "vars.use_xp_cp_rings.ignore_master_levels or not me.is_mastered",
        "not hasBuff('Commitment', 'Dedication') or (not hasBuff('Commitment') and hasBuff('Dedication') and partyByName('Kupofried'))",
        "canUseItem(vars.use_xp_cp_rings.cp_rings)"
      ],
      "commands": [
        "equip(vars.use_xp_cp_rings.slot)",
        "wait(7, 'pause-follow')",
        "useItem(me)"
      ],
      "frequency": 15,
      "comment": "Use the first available CP ring if we don't alredy have the Commitment effect. Only used if level 99 and not in the master levels."
    },
    {
      "when": [
        "me.level < 99 or vars.use_xp_cp_rings.ignore_xp_level_cap",
        "me.level >= vars.use_xp_cp_rings.min_xp_level",
        "not hasBuff('Dedication', 'Commitment')",
        "canUseItem(vars.use_xp_cp_rings.xp_rings)"
      ],
      "commands": [
        "equip(vars.use_xp_cp_rings.slot)",
        "wait(7, 'pause-follow')",
        "useItem(me)"
      ],
      "frequency": 15,
      "comment": "Use the first available XP ring if we don't have the Dedication effect. Only used if level is below 99."
    },
    {
      "when": [
        "me.level == 99",
        "hasCappedMerits()",
        "not hasBuff(\"Emporox's Gift\")",
        "canUseItem(\"Emporox's Ring\")"
      ],
      "commands": [
        "equip(vars.use_xp_cp_rings.slot)",
        "wait(7, 'pause-follow')",
        "useItem(me)"
      ],
      "frequency": 15,
      "comment": "Use Emperox's Ring when we're at max level and max limits."
    }
  ],
  "vars": {
    "use_xp_cp_rings": {
      "ignore_master_levels": false,
      "ignore_xp_level_cap": false,
      "min_xp_level": 10,
      "slot": "ring1",
      "cp_rings": [
        "Endorsement Ring",
        "Trizek Ring",
        "Facility Ring",
        "Capacity Ring",
        "Vocation Ring"
      ],
      "xp_rings": [
        "Echad Ring",
        "Emperor Band",
        "Caliber Ring",
        "Resolution Ring",
        "Empress Band",
        "Duodecennial Ring",
        "Undecennial Ring",
        "Chariot Band",
        "Decennial Ring",
        "Allied Ring",
        "Novennial Ring",
        "Expertise Ring",
        "Kupofried's Ring",
        "Anniversary Ring"
      ]
    }
  }
}
