{
  "about": {
    "author": "@Kaiconure"
  },
  "vars": {
    "keep_paralyze": {
      "spells": ["Paralyze II", "Paralyze"]
    }
  },
  "actions": [
    {
      "when": [
        "bt and bt.distance <= constants.spell_distance",
        "(cursor and cursor.id == bt.id) or setTargetCursor(bt)",
        "hasSpell(vars.keep_paralyze.spells) and canUse(spell)",
        "not hasEffectOf(bt, spell)"
      ],
      "commands": [
        "useSpell()",
        "postpone((spellRecast(spell.name) or 0) + 5)"
      ],
      "frequency": 1
    }
  ]
}
