{
  "about": {
    "author": "@Kaiconure"
  },
  "macros": {
    "check_magic_burst": [
      "bt and bt.distance < 20",
      "not hasBuff('Immanence')",
      "skillchaining() and me.mpp >= vars.black_magic_burst.min_mpp",
      "(cursor and cursor.id == bt.id) or setTargetCursor(bt)"
    ],
    "exec_magic_burst": [
      "log('Magic bursting', skillchain.name, 'with', spell.name)",
      "equipMany(vars.black_magic_burst.gear.casting)",
      "vars.black_magic_burst.gear[skillchain.name] and equipMany(vars.black_magic_burst.gear[skillchain.name])",
      "canUseAbility(vars.black_magic_burst.abilities) and useAbility(me)",
      "useSpell()",
      "equipMany(vars.black_magic_burst.gear.battle)",
      "vars.black_magic_burst.frequency and vars.black_magic_burst.frequency > 0 and postpone(vars.black_magic_burst.frequency)"
    ]
  },
  "actions": [
    {
      "when": [
        "$macro:check_magic_burst",
        "vars.black_magic_burst.low_hpp_max_tier",
        "vars.black_magic_burst.low_hpp and bt.hpp <= vars.black_magic_burst.low_hpp",
        "canUseSpell(withMaxTier(vars.black_magic_burst.low_hpp_max_tier, vars.black_magic_burst[skillchain.name]))",
        "skillchain_age <= (vars.black_magic_burst.max_age_by_tier[spellTierFromName(spell)] or 4)"
      ],
      "commands": ["$macro:exec_magic_burst"],
      "comment": [
        "Burst with single-target black magic spells. Customize by defining variables: low_hpp_max_tier, min_mpp",
        "Note: Immanence is a SCH ability that turns single-target black magic spells into pseudo weapon skills."
      ]
    },
    {
      "when": [
        "$macro:check_magic_burst",
        "not vars.black_magic_burst.low_hpp or bt.hpp > vars.black_magic_burst.low_hpp",
        "canUseSpell(withMaxTier(vars.black_magic_burst.max_tier, vars.black_magic_burst[skillchain.name]))",
        "skillchain_age <= (vars.black_magic_burst.max_age_by_tier[spellTierFromName(spell)] or 4)"
      ],
      "commands": ["$macro:exec_magic_burst"],
      "comment": [
        "Burst with single-target black magic spells. Customize by defining variables: max_tier, min_mpp",
        "Note: Immanence is a SCH ability that turns single-target black magic spells into pseudo weapon skills."
      ]
    }
  ],
  "vars": {
    "black_magic_burst": {
      "max_age_by_tier": {
        "1": 7,
        "2": 7,
        "3": 5,
        "4": 4,
        "5": 3,
        "6": 3
      },
      "max_tier": "III",
      "min_mpp": 25,
      "abilities": ["Elemental Seal", "Manawell"],
      "gear": {
        "casting": [],
        "battle": []
      },
      "Darkness": [
        "Blizzard VI",
        "Water VI",
        "Stone VI",

        "Blizzard V",
        "Water V",
        "Stone V",

        "Blizzard IV",
        "Water IV",
        "Stone IV",

        "Blizzard III",
        "Water III",
        "Stone III",

        "Blizzard II",
        "Water II",
        "Stone II",

        "Blizzard",
        "Water",
        "Stone"
      ],
      "Detonation": [
        "Aero VI",
        "Aero V",
        "Aero IV",
        "Aero III",
        "Aero II",
        "Aero"
      ],
      "Distortion": [
        "Blizzard VI",
        "Water VI",

        "Blizzard V",
        "Water V",

        "Blizzard IV",
        "Water IV",

        "Blizzard III",
        "Water III",

        "Blizzard II",
        "Water II",

        "Blizzard",
        "Water"
      ],
      "Fragmentation": [
        "Thunder VI",
        "Aero VI",

        "Thunder V",
        "Aero V",

        "Thunder IV",
        "Aero IV",

        "Thunder III",
        "Aero III",

        "Thunder II",
        "Aero II",

        "Thunder",
        "Aero"
      ],
      "Fusion": ["Fire VI", "Fire V", "Fire IV", "Fire III", "Fire II", "Fire"],
      "Gravitation": [
        "Stone VI",
        "Stone V",
        "Stone IV",
        "Stone III",
        "Stone II",
        "Stone"
      ],
      "Impaction": [
        "Thunder VI",
        "Thunder V",
        "Thunder IV",
        "Thunder III",
        "Thunder II",
        "Thunder"
      ],
      "Light": [
        "Thunder VI",
        "Fire VI",
        "Aero VI",

        "Thunder V",
        "Fire V",
        "Aero V",

        "Thunder IV",
        "Fire IV",
        "Aero IV",

        "Thunder III",
        "Fire III",
        "Aero III",

        "Thunder II",
        "Fire II",
        "Aero II",

        "Thunder",
        "Fire",
        "Aero"
      ],
      "Liquefaction": [
        "Fire VI",
        "Fire V",
        "Fire IV",
        "Fire III",
        "Fire II",
        "Fire"
      ],
      "Reverberation": [
        "Water VI",
        "Water V",
        "Water IV",
        "Water III",
        "Water II",
        "Water"
      ],
      "Scission": [
        "Stone VI",
        "Stone V",
        "Stone IV",
        "Stone III",
        "Stone II",
        "Stone"
      ]
    }
  }
}
