{
  "about": {
    "author": "@Kaiconure"
  },
  "vars": {
    "roles": {
      "backup_healer": true
    }
  },
  "actions": [
    {
      "import": "heals/emergency-cure-sequence"
    },
    {
      "when": [
        "vars.roles.main_healer or (not skillchaining() and not partyUsingWeaponSkill())",
        "canUse('Cure IV', 'Cure III', 'Cure II', 'Cure') and partyAny('hpp < 60')",
        "member.distance <= constants.spell_distance"
      ],
      "commands": ["use()"],
      "frequency": 1
    },
    {
      "import": "heals/remove-sleep"
    }
  ]
}
