{
  "vars": {
    "configuration": {
      "commands": []
    },
    "ensure_trusts": {
      "spells": []
    },
    "frontline_engagement": {
      "distance": null,
      "angle": null,
      "comment": "Drives frontline engagement positioning. Use distance and/or angle (degrees) to set placement around the enemy."
    }
  },
  "imports": [],
  "functions": [
    {
      "import": "fn/common"
    }
  ],
  "pull": [
    {
      "import": "frontline-engagement"
    }
  ],
  "battle": [
    {
      "import": "reactions/face-away"
    },
    {
      "import": "frontline-engagement"
    }
  ],
  "idle": [
    {
      "import": "configuration"
    },
    {
      "import": "follow-leader",
      "comment": "Follows the party leader when idle. Does nothing if you are the party leader."
    },
    {
      "import": "ensure-trusts",
      "comment": "Calls trusts based on the spells configured in vars.ensure_trusts.spells. Recalls trusts on low HP/MP."
    },
    {
      "import": "use-xp-cp-rings",
      "comment": "Uses the appropriate XP or CP rings based on current level and mastery."
    },
    {
      "import": "common-consumables",
      "comment": "Uses common usable item drops, such as silt and bead pouches, and UNM coffers (work in progress)."
    }
  ],
  "dead": [
    {
      "import": "homepoint-on-death"
    }
  ],
  "mounted": [
    {
      "import": "follow-leader"
    }
  ]
}
