{
  "about": {
    "author": "@Kaiconure"
  },
  "vars": {
    "flurry_cycle": {
      "spells": ["Flurry II", "Flurry"],
      "targets": []
    }
  },
  "actions": [
    {
      "when": [
        "hasSpell(vars.flurry_cycle.spells) and canUse(spell)",
        "partyByName(vars.flurry_cycle.targets) and not hasEffectOf(member, spell)"
      ],
      "commands": [
        "useSpell()",
        "postpone((spellRecast(spell.name) or 0) + 5)"
      ],
      "frequency": 1
    }
  ]
}
