{
  "about": {
    "author": "@Kaiconure"
  },
  "vars": {
    "haste_cycle": {
      "spells": ["Haste II", "Haste"],
      "targets": ["me"]
    }
  },
  "actions": [
    {
      "when": [
        "hasSpell(vars.haste_cycle.spells) and canUse(spell)",
        "partyByName(vars.haste_cycle.targets) and not hasEffectOf(member, spell)"
      ],
      "commands": [
        "useSpell()",
        "postpone((spellRecast(spell.name) or 0) + 5)"
      ],
      "frequency": 1
    }
  ]
}
