{
  "about": {
    "author": "@Kaiconure",
    "notes": "Cycle the best available refresh over all configured targets by name."
  },
  "vars": {
    "refresh_cycle": {
      "spells": ["Refresh III", "Refresh II", "Refresh"],
      "targets": ["me"],
      "trust_mpp": 60
    }
  },
  "actions": [
    {
      "when": [
        "hasSpell(vars.refresh_cycle.spells) and canUse(spell)",
        "partyByName(vars.refresh_cycle.targets)",
        "not hasEffectOf(member, spell) and not hasEffectOf(member, 'Sublimation')",
        "member.is_player or (member.is_trust and member.mpp <= vars.refresh_cycle.trust_mpp)"
      ],
      "commands": ["useSpell()", "postpone(spellRecast(spell.name) or 0 + 10)"],
      "frequency": 1
    }
  ]
}
