{
  "about": {
    "author": "@Kaiconure",
    "notes": "Cycle the best available regen over all configured targets by name."
  },
  "vars": {
    "regen_cycle": {
      "targets": ["me"],
      "spells": ["Regen V", "Regen IV", "Regen III", "Regen II", "Regen"]
    }
  },
  "actions": [
    {
      "when": [
        "hasSpell(vars.regen_cycle.spells) and canUse(spell)",
        "partyByName(vars.regen_cycle.targets) and not hasEffectOf(member, spell)"
      ],
      "commands": [
        "useSpell()",
        "postpone((spellRecast(spell.name) or 0) + 10)"
      ],
      "frequency": 1
    }
  ]
}
